ID,Country,Arrival,Departure,Type,Stay,Lon.50.,Lat.50.
9SK,DE,15/07/2013,02/08/2013,1,NA,12.3,54.3
9SK,DE,03/08/2013,03/08/2013,2,0,21.2,53.4
9SK,DE,04/08/2013,04/08/2013,2,0,22.9,53.3
9SK,DE,04/08/2013,04/08/2013,2,0,34.9,56.0
9SK,DE,05/08/2013,11/08/2013,2,6,39.9,56.3
9SK,DE,11/08/2013,22/08/2013,2,11,46.7,52.9
9SK,DE,23/08/2013,29/08/2013,2,7,55.9,54.1
9SK,DE,30/08/2013,14/03/2014,3,194,73.2,30.1
9SK,DE,14/03/2014,23/04/2014,3,40,71.2,25.3
9SK,DE,24/04/2014,29/04/2014,4,5,64.3,35.3
9SK,DE,29/04/2014,07/05/2014,4,7,56.2,26.9
9SK,DE,07/05/2014,07/05/2014,4,0,53.9,31.4
9SK,DE,08/05/2014,08/05/2014,4,0,51.0,33.3
9SK,DE,08/05/2014,08/05/2014,4,0,41.2,34.5
9SK,DE,09/05/2014,09/05/2014,4,0,40.0,32.8
9SK,DE,09/05/2014,09/05/2014,4,0,42.2,32.9
9SK,DE,10/05/2014,10/05/2014,4,0,38.1,34.9
9SK,DE,10/05/2014,16/05/2014,4,6,35.1,37.5
9SK,DE,16/05/2014,16/05/2014,4,0,30.0,39.8
9SK,DE,17/05/2014,17/05/2014,4,0,26.8,41.5
9SK,DE,17/05/2014,17/05/2014,4,0,24.7,43.7
9SK,DE,18/05/2014,18/05/2014,4,0,23.9,43.7
9SK,DE,18/05/2014,18/05/2014,4,0,21.9,40.5
9SK,DE,19/05/2014,19/05/2014,4,0,14.2,37.6
9SK,DE,19/05/2014,19/05/2014,4,0,13.2,51.4
9SK,DE,20/05/2014,09/06/2014,5,NA,12.3,54.3
9SG,DE,12/08/2013,12/08/2013,1,NA,12.3,54.3
9SG,DE,13/08/2013,13/08/2013,2,0,20.2,56.7
9SG,DE,13/08/2013,13/08/2013,2,0,28.7,56.5
9SG,DE,14/08/2013,14/08/2013,2,0,30.1,57.0
9SG,DE,14/08/2013,14/08/2013,2,0,33.8,56.5
9SG,DE,15/08/2013,15/08/2013,2,0,34.9,56.0
9SG,DE,15/08/2013,20/08/2013,2,4,39.3,54.2
9SG,DE,20/08/2013,20/08/2013,2,0,46.6,53.3
9SG,DE,21/08/2013,21/08/2013,2,0,51.0,52.0
9SG,DE,21/08/2013,21/08/2013,2,0,56.6,47.9
9SG,DE,22/08/2013,22/08/2013,2,0,65.3,42.2
9SG,DE,22/08/2013,12/04/2014,3,232,71.3,21.3
9SG,DE,12/04/2014,19/04/2014,4,7,68.5,29.4
9SG,DE,19/04/2014,27/04/2014,4,8,65.7,40.0
9SG,DE,28/04/2014,06/05/2014,4,8,59.4,40.9
9SG,DE,06/05/2014,06/05/2014,4,0,54.8,46.3
9SG,DE,07/05/2014,07/05/2014,4,0,52.9,47.9
9SG,DE,07/05/2014,07/05/2014,4,0,48.6,50.0
9SG,DE,08/05/2014,08/05/2014,4,0,46.7,50.2
9SG,DE,08/05/2014,08/05/2014,4,0,45.0,48.9
9SG,DE,09/05/2014,09/05/2014,4,0,43.5,48.1
9SG,DE,09/05/2014,09/05/2014,4,0,43.3,46.0
9SG,DE,10/05/2014,10/05/2014,4,0,42.2,45.1
9SG,DE,10/05/2014,10/05/2014,4,0,38.2,40.7
9SG,DE,11/05/2014,11/05/2014,4,0,35.0,39.4
9SG,DE,11/05/2014,15/05/2014,4,4,34.6,39.6
9SG,DE,15/05/2014,15/05/2014,4,0,26.7,30.0
9SG,DE,16/05/2014,16/05/2014,4,0,26.4,29.0
9SG,DE,16/05/2014,16/05/2014,4,0,27.9,29.2
9SG,DE,18/05/2014,18/05/2014,4,0,16.0,46.8
9SG,DE,18/05/2014,18/05/2014,4,0,16.5,51.2
9SG,DE,19/05/2014,23/05/2014,5,NA,12.3,54.3
9NT,DE,06/07/2013,28/07/2013,1,NA,12.3,54.3
9NT,DE,29/07/2013,29/07/2013,2,0,15.4,50.8
9NT,DE,29/07/2013,29/07/2013,2,0,24.0,48.2
9NT,DE,30/07/2013,08/08/2013,2,9,37.4,49.0
9NT,DE,09/08/2013,14/08/2013,2,6,48.9,49.9
9NT,DE,15/08/2013,15/08/2013,2,0,50.6,49.5
9NT,DE,15/08/2013,23/08/2013,2,8,58.2,44.2
9NT,DE,24/08/2013,02/09/2013,2,10,69.7,37.8
9NT,DE,03/09/2013,03/09/2013,2,0,71.2,32.0
9NT,DE,03/09/2013,22/03/2014,3,199,73.3,31.2
9NT,DE,23/03/2014,24/04/2014,3,33,69.1,22.5
9NT,DE,25/04/2014,11/05/2014,4,17,53.3,41.0
9NT,DE,12/05/2014,12/05/2014,4,0,27.5,46.3
9NT,DE,12/05/2014,17/05/2014,4,5,23.6,46.6
9NT,DE,18/05/2014,20/05/2014,5,NA,12.3,54.3
B741,CZE,04/06/2012,09/08/2012,1,NA,16.1,49.7
B741,CZE,09/08/2012,09/08/2012,2,0,22.6,47.5
B741,CZE,10/08/2012,10/08/2012,2,0,21.0,47.7
B741,CZE,10/08/2012,10/08/2012,2,0,25.1,50.2
B741,CZE,11/08/2012,11/08/2012,2,0,26.5,50.6
B741,CZE,11/08/2012,11/08/2012,2,0,26.8,48.9
B741,CZE,12/08/2012,12/08/2012,2,0,25.1,48.5
B741,CZE,12/08/2012,15/08/2012,2,2,29.7,50.4
B741,CZE,15/08/2012,15/08/2012,2,0,34.1,52.5
B741,CZE,16/08/2012,16/08/2012,2,0,36.4,52.7
B741,CZE,16/08/2012,16/08/2012,2,0,40.4,50.7
B741,CZE,17/08/2012,17/08/2012,2,0,38.2,50.6
B741,CZE,17/08/2012,17/08/2012,2,0,38.6,51.5
B741,CZE,18/08/2012,18/08/2012,2,0,37.7,51.8
B741,CZE,18/08/2012,18/08/2012,2,0,41.4,53.3
B741,CZE,19/08/2012,19/08/2012,2,0,41.9,53.5
B741,CZE,19/08/2012,19/08/2012,2,0,46.1,54.4
B741,CZE,20/08/2012,20/08/2012,2,0,47.8,54.3
B741,CZE,20/08/2012,20/08/2012,2,0,55.2,54.1
B741,CZE,21/08/2012,21/08/2012,2,0,57.1,53.7
B741,CZE,21/08/2012,25/08/2012,2,3,61.6,51.5
B741,CZE,25/08/2012,25/08/2012,2,0,72.2,48.0
B741,CZE,25/08/2012,25/08/2012,2,0,72.3,46.9
B741,CZE,26/08/2012,26/08/2012,2,0,71.8,43.1
B741,CZE,27/08/2012,04/09/2012,2,9,71.1,41.2
B741,CZE,05/09/2012,06/09/2012,2,2,72.4,36.2
B741,CZE,07/09/2012,19/09/2012,2,13,73.0,31.4
B741,CZE,20/09/2012,02/04/2013,3,194,75.0,18.8
B746,CZE,16/07/2012,20/07/2012,1,NA,16.1,49.7
B746,CZE,20/07/2012,20/07/2012,2,0,18.7,46.6
B746,CZE,21/07/2012,21/07/2012,2,0,17.4,46.6
B746,CZE,21/07/2012,23/07/2012,2,2,20.1,49.2
B746,CZE,24/07/2012,24/07/2012,2,0,20.8,49.6
B746,CZE,24/07/2012,24/07/2012,2,0,22.7,50.5
B746,CZE,25/07/2012,25/07/2012,2,0,23.4,50.3
B746,CZE,25/07/2012,25/07/2012,2,0,24.9,48.4
B746,CZE,26/07/2012,26/07/2012,2,0,24.1,48.3
B746,CZE,26/07/2012,26/07/2012,2,0,27.0,49.9
B746,CZE,27/07/2012,27/07/2012,2,0,27.7,49.8
B746,CZE,27/07/2012,01/08/2012,2,5,30.1,49.5
B746,CZE,02/08/2012,03/08/2012,2,2,33.0,49.1
B746,CZE,04/08/2012,04/08/2012,2,0,33.3,49.9
B746,CZE,04/08/2012,04/08/2012,2,0,36.9,51.7
B746,CZE,05/08/2012,05/08/2012,2,0,37.9,51.7
B746,CZE,05/08/2012,05/08/2012,2,0,42.4,52.4
B746,CZE,06/08/2012,06/08/2012,2,0,43.2,52.7
B746,CZE,06/08/2012,06/08/2012,2,0,47.1,53.1
B746,CZE,07/08/2012,07/08/2012,2,0,47.7,53.1
B746,CZE,07/08/2012,07/08/2012,2,0,48.8,51.9
B746,CZE,08/08/2012,08/08/2012,2,0,47.8,51.6
B746,CZE,08/08/2012,08/08/2012,2,0,51.0,52.8
B746,CZE,09/08/2012,09/08/2012,2,0,52.1,52.6
B746,CZE,09/08/2012,09/08/2012,2,0,54.1,51.6
B746,CZE,10/08/2012,10/08/2012,2,0,54.1,51.6
B746,CZE,10/08/2012,10/08/2012,2,0,55.2,51.4
B746,CZE,11/08/2012,11/08/2012,2,0,55.1,51.4
B746,CZE,11/08/2012,11/08/2012,2,0,58.2,51.8
B746,CZE,12/08/2012,12/08/2012,2,0,59.1,51.9
B746,CZE,12/08/2012,12/08/2012,2,0,60.7,51.1
B746,CZE,13/08/2012,13/08/2012,2,0,62.0,50.6
B746,CZE,13/08/2012,16/08/2012,2,2,63.1,47.3
B746,CZE,16/08/2012,16/08/2012,2,0,66.5,41.9
B746,CZE,17/08/2012,25/08/2012,2,9,67.3,39.3
B746,CZE,26/08/2012,31/08/2012,2,5,69.7,38.2
B746,CZE,31/08/2012,03/09/2012,2,3,72.5,35.3
B746,CZE,04/09/2012,13/03/2013,3,190,77.5,24.6
B746,CZE,13/03/2013,10/04/2013,3,26,79.3,17.3
B761,BUL,27/06/2012,02/08/2012,1,NA,23.4,41.9
B761,BUL,03/08/2012,03/08/2012,2,0,26.7,45.7
B761,BUL,03/08/2012,03/08/2012,2,0,32.0,46.9
B761,BUL,04/08/2012,04/08/2012,2,0,29.5,46.8
B761,BUL,04/08/2012,04/08/2012,2,0,36.5,39.7
B761,BUL,05/08/2012,05/08/2012,2,0,38.4,39.1
B761,BUL,05/08/2012,07/08/2012,2,1,40.0,38.3
B761,BUL,07/08/2012,07/08/2012,2,0,44.3,36.5
B761,BUL,08/08/2012,09/08/2012,2,2,44.3,36.4
B761,BUL,10/08/2012,19/08/2012,2,9,47.0,35.4
B761,BUL,19/08/2012,19/08/2012,2,0,49.8,34.7
B761,BUL,20/08/2012,20/08/2012,2,0,52.1,34.8
B761,BUL,20/08/2012,20/08/2012,2,0,55.4,36.0
B761,BUL,21/08/2012,25/08/2012,2,4,55.7,36.7
B761,BUL,25/08/2012,25/08/2012,2,0,60.0,36.1
B761,BUL,26/08/2012,01/09/2012,2,7,61.0,35.8
B761,BUL,02/09/2012,02/09/2012,2,0,64.6,34.6
B761,BUL,02/09/2012,02/09/2012,2,0,68.9,31.3
B761,BUL,03/09/2012,08/09/2012,2,6,69.3,29.2
B761,BUL,09/09/2012,14/09/2012,2,6,71.0,29.8
B761,BUL,15/09/2012,15/09/2012,2,0,71.6,28.9
B761,BUL,15/09/2012,20/09/2012,2,4,74.9,27.5
B761,BUL,20/09/2012,20/09/2012,2,0,76.3,26.4
B761,BUL,21/09/2012,21/09/2012,2,0,74.8,25.8
B761,BUL,21/09/2012,29/03/2013,3,189,75.2,24.6
B761,BUL,30/03/2013,18/04/2013,4,20,71.4,21.4
B761,BUL,19/04/2013,19/04/2013,4,0,69.9,24.7
B761,BUL,19/04/2013,19/04/2013,4,0,69.1,27.5
B761,BUL,20/04/2013,20/04/2013,4,0,67.7,27.4
B761,BUL,20/04/2013,03/05/2013,4,12,66.0,26.0
B761,BUL,03/05/2013,06/05/2013,4,3,62.6,27.2
B761,BUL,07/05/2013,07/05/2013,4,0,60.3,28.8
B761,BUL,07/05/2013,07/05/2013,4,0,57.3,30.6
B761,BUL,08/05/2013,08/05/2013,4,0,55.5,31.0
B761,BUL,08/05/2013,08/05/2013,4,0,51.5,31.4
B761,BUL,09/05/2013,09/05/2013,4,0,49.9,31.3
B767,BUL,01/08/2012,08/08/2012,1,NA,23.4,41.9
B767,BUL,09/08/2012,10/08/2012,2,2,27.3,39.3
B767,BUL,11/08/2012,12/08/2012,2,2,29.7,38.3
B767,BUL,13/08/2012,15/08/2012,2,2,32.8,39.2
B767,BUL,15/08/2012,15/08/2012,2,0,39.4,39.4
B767,BUL,16/08/2012,18/08/2012,2,2,41.6,40.1
B767,BUL,18/08/2012,18/08/2012,2,0,44.9,38.3
B767,BUL,19/08/2012,19/08/2012,2,0,45.4,37.8
B767,BUL,19/08/2012,27/08/2012,2,7,48.7,37.1
B767,BUL,27/08/2012,27/08/2012,2,0,53.6,35.7
B767,BUL,28/08/2012,28/08/2012,2,0,54.6,35.6
B767,BUL,28/08/2012,10/09/2012,2,13,56.6,36.8
B767,BUL,11/09/2012,20/09/2012,2,9,61.7,40.6
B767,BUL,20/09/2012,20/09/2012,2,0,65.4,36.9
B767,BUL,21/09/2012,21/09/2012,2,0,66.7,33.9
B767,BUL,21/09/2012,23/09/2012,2,2,68.3,29.4
B767,BUL,23/09/2012,10/12/2012,3,77,72.6,22.3
B767,BUL,11/12/2012,11/04/2013,3,122,70.8,24.1
B767,BUL,12/04/2013,19/04/2013,4,7,65.4,25.8
B767,BUL,19/04/2013,19/04/2013,4,0,60.2,29.0
B767,BUL,20/04/2013,20/04/2013,4,0,58.0,29.3
B767,BUL,20/04/2013,20/04/2013,4,0,58.6,29.7
B767,BUL,21/04/2013,21/04/2013,4,0,53.6,30.6
B767,BUL,21/04/2013,21/04/2013,4,0,54.1,32.2
B767,BUL,22/04/2013,28/04/2013,4,7,50.0,34.0
B767,BUL,29/04/2013,29/04/2013,4,0,45.9,32.1
B767,BUL,29/04/2013,01/05/2013,4,1,44.7,29.1
B767,BUL,01/05/2013,01/05/2013,4,0,37.3,34.4
B767,BUL,02/05/2013,02/05/2013,4,0,34.7,36.6
B767,BUL,02/05/2013,02/05/2013,4,0,30.2,39.1
B767,BUL,03/05/2013,03/05/2013,4,0,25.2,40.9
B767,BUL,03/05/2013,05/05/2013,5,NA,23.4,41.9
B769,BUL,25/06/2012,08/08/2012,1,NA,23.4,41.9
B769,BUL,09/08/2012,16/08/2012,2,7,27.5,42.9
B769,BUL,16/08/2012,16/08/2012,2,0,33.2,39.5
B769,BUL,17/08/2012,17/08/2012,2,0,34.8,39.3
B769,BUL,17/08/2012,17/08/2012,2,0,36.0,39.0
B769,BUL,18/08/2012,18/08/2012,2,0,37.0,38.7
B769,BUL,18/08/2012,18/08/2012,2,0,39.3,38.7
B769,BUL,19/08/2012,22/08/2012,2,3,39.8,39.4
B769,BUL,22/08/2012,22/08/2012,2,0,43.7,38.6
B769,BUL,23/08/2012,23/08/2012,2,0,44.7,38.4
B769,BUL,23/08/2012,23/08/2012,2,0,44.8,37.5
B769,BUL,24/08/2012,24/08/2012,2,0,44.1,36.8
B769,BUL,24/08/2012,24/08/2012,2,0,46.3,36.5
B769,BUL,25/08/2012,25/08/2012,2,0,50.5,35.4
B769,BUL,25/08/2012,25/08/2012,2,0,52.8,32.7
B769,BUL,26/08/2012,03/09/2012,2,8,53.3,30.8
B769,BUL,03/09/2012,03/09/2012,2,0,57.6,34.3
B769,BUL,04/09/2012,04/09/2012,2,0,58.7,36.2
B769,BUL,04/09/2012,07/09/2012,2,2,61.2,39.2
B769,BUL,07/09/2012,07/09/2012,2,0,64.8,38.2
B769,BUL,08/09/2012,08/09/2012,2,0,63.5,37.6
B769,BUL,08/09/2012,08/09/2012,2,0,65.7,37.1
B769,BUL,09/09/2012,09/09/2012,2,0,64.4,36.9
B769,BUL,09/09/2012,14/09/2012,2,4,68.2,37.0
B769,BUL,14/09/2012,14/09/2012,2,0,72.6,34.6
B769,BUL,15/09/2012,15/09/2012,2,0,73.9,32.2
B769,BUL,15/09/2012,11/04/2013,3,208,75.1,28.7
B769,BUL,12/04/2013,13/04/2013,4,2,72.1,26.4
B769,BUL,14/04/2013,20/04/2013,4,7,68.6,25.8
B769,BUL,21/04/2013,23/04/2013,4,3,63.0,27.9
B769,BUL,24/04/2013,24/04/2013,4,0,60.5,28.6
B769,BUL,24/04/2013,24/04/2013,4,0,61.9,28.7
B769,BUL,25/04/2013,25/04/2013,4,0,56.8,29.3
B769,BUL,25/04/2013,25/04/2013,4,0,56.1,30.6
B769,BUL,26/04/2013,29/04/2013,4,3,53.8,31.2
F301,SWE,29/07/2013,31/07/2013,1,NA,18.5,57.4
F301,SWE,31/07/2013,31/07/2013,2,0,28.7,55.7
F301,SWE,01/08/2013,01/08/2013,2,0,29.5,55.6
F301,SWE,01/08/2013,01/08/2013,2,0,33.4,54.7
F301,SWE,02/08/2013,02/08/2013,2,0,34.0,54.5
F301,SWE,02/08/2013,02/08/2013,2,0,37.3,51.4
F301,SWE,03/08/2013,05/08/2013,2,2,37.6,51.0
F301,SWE,05/08/2013,07/08/2013,2,1,40.1,52.3
F301,SWE,07/08/2013,07/08/2013,2,0,43.0,51.5
F301,SWE,08/08/2013,10/08/2013,2,2,43.5,51.2
F301,SWE,10/08/2013,10/08/2013,2,0,47.7,51.3
F301,SWE,11/08/2013,11/08/2013,2,0,48.1,51.3
F301,SWE,11/08/2013,11/08/2013,2,0,49.4,50.8
F301,SWE,12/08/2013,15/08/2013,2,3,49.3,50.7
F301,SWE,15/08/2013,15/08/2013,2,0,52.4,50.2
F301,SWE,16/08/2013,16/08/2013,2,0,51.3,50.6
F301,SWE,16/08/2013,16/08/2013,2,0,53.8,52.2
F301,SWE,17/08/2013,17/08/2013,2,0,55.0,52.0
F301,SWE,17/08/2013,17/08/2013,2,0,57.0,50.8
F301,SWE,18/08/2013,18/08/2013,2,0,56.0,50.6
F301,SWE,18/08/2013,18/08/2013,2,0,58.2,51.9
F301,SWE,19/08/2013,19/08/2013,2,0,59.2,52.1
F301,SWE,19/08/2013,19/08/2013,2,0,59.3,50.5
F301,SWE,20/08/2013,20/08/2013,2,0,57.9,50.1
F301,SWE,20/08/2013,24/08/2013,2,4,59.3,48.8
F301,SWE,25/08/2013,29/08/2013,2,5,66.2,43.6
F301,SWE,30/08/2013,06/09/2013,2,8,68.8,40.8
F301,SWE,07/09/2013,12/09/2013,2,5,71.8,40.2
F301,SWE,12/09/2013,12/09/2013,2,0,74.4,38.9
F301,SWE,13/09/2013,13/09/2013,2,0,74.9,38.0
F301,SWE,13/09/2013,13/09/2013,2,0,74.6,36.2
F301,SWE,14/09/2013,14/09/2013,2,0,75.6,33.9
F301,SWE,14/09/2013,23/09/2013,2,9,75.0,30.3
F301,SWE,23/09/2013,02/10/2013,2,9,74.8,27.0
F301,SWE,03/10/2013,13/04/2014,3,193,74.5,19.1
F301,SWE,14/04/2014,24/04/2014,4,11,70.9,34.0
F301,SWE,25/04/2014,04/05/2014,4,10,65.6,39.1
F301,SWE,05/05/2014,09/05/2014,4,4,61.1,39.5
F301,SWE,09/05/2014,09/05/2014,4,0,45.1,47.4
F301,SWE,10/05/2014,10/05/2014,4,0,43.9,47.4
F301,SWE,10/05/2014,10/05/2014,4,0,43.3,48.5
F301,SWE,11/05/2014,13/05/2014,4,3,39.7,50.4
F301,SWE,14/05/2014,14/05/2014,4,0,39.4,50.4
F301,SWE,14/05/2014,14/05/2014,4,0,37.4,51.0
F301,SWE,15/05/2014,15/05/2014,4,0,36.6,51.6
F301,SWE,15/05/2014,15/05/2014,4,0,29.2,52.3
F301,SWE,16/05/2014,16/05/2014,4,0,28.9,51.9
F301,SWE,16/05/2014,16/05/2014,4,0,28.3,52.0
F301,SWE,17/05/2014,17/05/2014,4,0,28.0,52.3
F301,SWE,17/05/2014,17/05/2014,4,0,21.6,52.9
F301,SWE,18/05/2014,18/05/2014,4,0,21.5,52.6
F301,SWE,18/05/2014,18/05/2014,4,0,17.8,53.5
F301,SWE,19/05/2014,19/05/2014,4,0,18.6,53.1
F301,SWE,19/05/2014,19/05/2014,4,0,18.4,57.4
F301,SWE,20/05/2014,20/05/2014,4,0,18.4,57.4
F301,SWE,20/05/2014,20/05/2014,4,0,18.3,57.3
F301,SWE,21/05/2014,21/05/2014,4,0,16.2,55.2
F301,SWE,21/05/2014,21/05/2014,4,0,20.5,53.6
F301,SWE,22/05/2014,22/05/2014,4,0,20.5,53.4
F301,SWE,22/05/2014,22/05/2014,4,0,15.8,56.9
F301,SWE,23/05/2014,31/05/2014,5,NA,18.5,57.4
315,SWE,08/08/2011,08/08/2011,1,NA,12.7,56.7
315,SWE,08/08/2011,08/08/2011,2,0,25.1,55.9
315,SWE,09/08/2011,11/08/2011,2,2,26.1,56.4
315,SWE,11/08/2011,11/08/2011,2,0,32.9,54.4
315,SWE,12/08/2011,12/08/2011,2,0,34.0,54.1
315,SWE,12/08/2011,16/08/2011,2,4,37.4,52.9
315,SWE,17/08/2011,17/08/2011,2,0,41.2,54.0
315,SWE,17/08/2011,21/08/2011,2,4,45.9,52.8
315,SWE,22/08/2011,22/08/2011,2,0,52.4,53.8
315,SWE,22/08/2011,22/08/2011,2,0,62.3,51.6
315,SWE,23/08/2011,23/08/2011,2,0,64.8,50.5
315,SWE,23/08/2011,23/08/2011,2,0,66.2,44.8
315,SWE,24/08/2011,09/09/2011,2,17,66.7,42.4
315,SWE,10/09/2011,10/04/2012,3,214,68.1,29.1
315,SWE,11/04/2012,20/04/2012,4,9,70.4,31.1
315,SWE,20/04/2012,02/05/2012,4,12,63.0,35.4
315,SWE,03/05/2012,03/05/2012,4,0,60.9,36.7
315,SWE,03/05/2012,03/05/2012,4,0,57.6,39.0
315,SWE,04/05/2012,04/05/2012,4,0,55.8,39.6
315,SWE,04/05/2012,09/05/2012,4,5,53.4,43.0
315,SWE,10/05/2012,10/05/2012,4,0,51.2,44.1
315,SWE,10/05/2012,10/05/2012,4,0,45.9,46.4
315,SWE,11/05/2012,11/05/2012,4,0,44.0,46.9
315,SWE,11/05/2012,11/05/2012,4,0,40.9,48.2
315,SWE,12/05/2012,12/05/2012,4,0,39.7,48.3
315,SWE,12/05/2012,12/05/2012,4,0,39.3,48.9
315,SWE,13/05/2012,13/05/2012,4,0,36.8,49.2
315,SWE,13/05/2012,13/05/2012,4,0,33.5,49.6
315,SWE,14/05/2012,14/05/2012,4,0,31.1,49.4
315,SWE,14/05/2012,14/05/2012,4,0,28.4,48.9
315,SWE,15/05/2012,15/05/2012,4,0,26.4,49.0
315,SWE,15/05/2012,15/05/2012,4,0,24.2,49.0
315,SWE,16/05/2012,16/05/2012,4,0,23.6,48.7
315,SWE,16/05/2012,16/05/2012,4,0,21.8,47.4
315,SWE,17/05/2012,17/05/2012,4,0,20.1,47.3
315,SWE,17/05/2012,17/05/2012,4,0,22.3,50.2
315,SWE,18/05/2012,18/05/2012,4,0,22.6,50.7
315,SWE,18/05/2012,18/05/2012,4,0,20.2,52.2
315,SWE,19/05/2012,19/05/2012,4,0,19.5,52.6
315,SWE,19/05/2012,19/05/2012,4,0,14.0,55.0
315,SWE,20/05/2012,06/06/2012,5,NA,12.7,56.7
F309,SWE,26/07/2013,26/07/2013,1,NA,18.5,57.4
F309,SWE,26/07/2013,26/07/2013,2,0,22.1,55.0
F309,SWE,27/07/2013,27/07/2013,2,0,22.3,54.9
F309,SWE,27/07/2013,27/07/2013,2,0,26.6,56.8
F309,SWE,28/07/2013,28/07/2013,2,0,27.2,56.8
F309,SWE,28/07/2013,28/07/2013,2,0,31.5,55.1
F309,SWE,29/07/2013,29/07/2013,2,0,32.0,55.0
F309,SWE,29/07/2013,29/07/2013,2,0,35.2,52.9
F309,SWE,30/07/2013,01/08/2013,2,2,35.6,52.7
F309,SWE,01/08/2013,01/08/2013,2,0,37.6,52.7
F309,SWE,02/08/2013,02/08/2013,2,0,37.6,52.8
F309,SWE,02/08/2013,02/08/2013,2,0,40.2,54.3
F309,SWE,03/08/2013,03/08/2013,2,0,40.8,54.4
F309,SWE,03/08/2013,03/08/2013,2,0,44.6,53.1
F309,SWE,04/08/2013,04/08/2013,2,0,45.0,53.0
F309,SWE,04/08/2013,07/08/2013,2,2,46.6,51.0
F309,SWE,07/08/2013,07/08/2013,2,0,57.7,49.3
F309,SWE,08/08/2013,08/08/2013,2,0,59.7,48.6
F309,SWE,08/08/2013,08/08/2013,2,0,67.2,44.4
F309,SWE,08/08/2013,08/08/2013,2,0,67.5,43.8
F309,SWE,09/08/2013,09/08/2013,2,0,69.1,42.5
F309,SWE,09/08/2013,29/08/2013,2,19,69.9,41.8
F309,SWE,29/08/2013,04/09/2013,2,6,69.1,38.1
F309,SWE,05/09/2013,11/09/2013,2,7,72.7,34.7
F309,SWE,12/09/2013,17/09/2013,2,6,74.4,29.4
F309,SWE,18/09/2013,03/10/2013,2,16,74.2,22.6
F309,SWE,04/10/2013,26/03/2014,3,174,75.0,15.8
F309,SWE,27/03/2014,27/03/2014,4,0,76.4,21.0
F309,SWE,27/03/2014,16/04/2014,4,20,76.3,27.0
F309,SWE,17/04/2014,18/04/2014,4,2,76.7,26.8
F309,SWE,19/04/2014,20/04/2014,4,2,76.2,29.2
F309,SWE,21/04/2014,28/04/2014,4,7,75.2,32.2
F309,SWE,29/04/2014,29/04/2014,4,0,72.9,33.1
F309,SWE,29/04/2014,29/04/2014,4,0,70.1,35.9
F309,SWE,30/04/2014,30/04/2014,4,0,69.2,36.6
F309,SWE,30/04/2014,30/04/2014,4,0,67.9,38.2
F309,SWE,01/05/2014,01/05/2014,4,0,67.4,38.8
F309,SWE,01/05/2014,01/05/2014,4,0,67.4,38.9
F309,SWE,02/05/2014,02/05/2014,4,0,66.9,39.1
F309,SWE,02/05/2014,02/05/2014,4,0,65.7,39.1
F309,SWE,03/05/2014,08/05/2014,4,6,64.7,38.8
F309,SWE,09/05/2014,11/05/2014,4,3,58.3,45.4
F309,SWE,12/05/2014,12/05/2014,4,0,53.8,45.3
F309,SWE,12/05/2014,12/05/2014,4,0,47.4,48.6
F309,SWE,13/05/2014,15/05/2014,4,3,44.4,50.0
F309,SWE,16/05/2014,16/05/2014,4,0,44.7,50.2
F309,SWE,16/05/2014,16/05/2014,4,0,45.7,49.7
F309,SWE,17/05/2014,17/05/2014,4,0,45.5,49.8
F309,SWE,17/05/2014,17/05/2014,4,0,44.6,51.9
F309,SWE,18/05/2014,18/05/2014,4,0,43.5,52.5
F309,SWE,18/05/2014,18/05/2014,4,0,32.2,53.8
F309,SWE,19/05/2014,19/05/2014,4,0,30.7,53.8
F309,SWE,19/05/2014,19/05/2014,4,0,22.6,54.7
F309,SWE,20/05/2014,20/05/2014,4,0,22.0,54.8
F309,SWE,20/05/2014,20/05/2014,4,0,18.5,55.8
F309,SWE,21/05/2014,21/05/2014,4,0,18.6,55.5
F309,SWE,21/05/2014,21/05/2014,4,0,20.4,55.7
F309,SWE,22/05/2014,24/05/2014,5,NA,18.5,57.4
19UZ,FIN,23/07/2016,23/07/2016,1,NA,24.5,65.0
19UZ,FIN,23/07/2016,23/07/2016,2,0,29.4,58.2
19UZ,FIN,24/07/2016,24/07/2016,2,0,29.3,57.7
19UZ,FIN,24/07/2016,24/07/2016,2,0,32.9,60.7
19UZ,FIN,25/07/2016,25/07/2016,2,0,33.3,60.3
19UZ,FIN,25/07/2016,25/07/2016,2,0,38.8,56.3
19UZ,FIN,26/07/2016,26/07/2016,2,0,38.6,56.3
19UZ,FIN,26/07/2016,26/07/2016,2,0,52.3,62.2
19UZ,FIN,26/07/2016,26/07/2016,2,0,52.9,62.7
19UZ,FIN,27/07/2016,27/07/2016,2,0,48.8,61.6
19UZ,FIN,27/07/2016,27/07/2016,2,0,49.0,61.4
19UZ,FIN,28/07/2016,28/07/2016,2,0,53.2,60.6
19UZ,FIN,28/07/2016,28/07/2016,2,0,53.7,60.4
19UZ,FIN,29/07/2016,04/08/2016,2,6,59.5,58.2
19UZ,FIN,04/08/2016,09/08/2016,2,5,68.6,56.6
19UZ,FIN,09/08/2016,09/08/2016,2,0,72.3,56.4
19UZ,FIN,10/08/2016,04/09/2016,2,25,76.9,49.7
19UZ,FIN,05/09/2016,19/04/2017,3,227,76.9,24.4
19UZ,FIN,20/04/2017,20/04/2017,4,0,73.7,29.2
19UZ,FIN,20/04/2017,09/05/2017,4,19,65.2,37.2
19UZ,FIN,10/05/2017,10/05/2017,4,0,63.4,41.0
19UZ,FIN,10/05/2017,19/05/2017,4,9,49.4,49.2
19UZ,FIN,20/05/2017,20/05/2017,4,0,45.6,49.5
19UZ,FIN,20/05/2017,23/05/2017,4,3,37.1,56.1
19UZ,FIN,23/05/2017,23/05/2017,4,0,39.7,58.4
19RO,FIN,15/07/2016,26/07/2016,1,NA,23.8,60.2
19RO,FIN,27/07/2016,30/07/2016,2,4,42.4,57.1
19RO,FIN,31/07/2016,06/08/2016,2,7,51.7,55.9
19RO,FIN,06/08/2016,06/08/2016,2,0,57.6,56.4
19RO,FIN,07/08/2016,14/08/2016,2,7,66.7,48.6
19RO,FIN,15/08/2016,17/12/2016,3,124,76.5,27.5
19PI,FIN,23/07/2016,06/08/2016,1,NA,22.3,60.4
19PI,FIN,07/08/2016,09/08/2016,2,3,38.1,56.9
19PI,FIN,10/08/2016,10/08/2016,2,0,36.8,55.1
19PI,FIN,10/08/2016,12/08/2016,2,2,45.3,54.4
19PI,FIN,13/08/2016,16/08/2016,2,4,49.5,54.0
19PI,FIN,17/08/2016,17/08/2016,2,0,53.1,54.2
19PI,FIN,17/08/2016,22/08/2016,2,5,57.8,49.3
19PI,FIN,23/08/2016,23/08/2016,2,0,61.3,50.4
19PI,FIN,23/08/2016,23/08/2016,2,0,66.5,50.0
19PI,FIN,23/08/2016,23/08/2016,2,0,68.6,49.9
19PI,FIN,24/08/2016,26/08/2016,2,2,74.9,48.3
19PI,FIN,26/08/2016,26/08/2016,2,0,77.4,48.1
19PI,FIN,27/08/2016,16/09/2016,2,20,75.5,42.3
19PI,FIN,17/09/2016,24/09/2016,2,8,75.5,35.5
19PI,FIN,25/09/2016,02/12/2016,3,68,76.9,34.2
19NU,FIN,27/07/2016,30/07/2016,1,NA,25.5,65.0
19NU,FIN,31/07/2016,31/07/2016,2,0,27.9,63.2
19NU,FIN,31/07/2016,05/08/2016,2,5,44.5,57.9
19NU,FIN,06/08/2016,13/08/2016,2,8,51.9,57.6
19NU,FIN,14/08/2016,14/08/2016,2,0,55.4,57.5
19NU,FIN,14/08/2016,16/08/2016,2,2,65.8,55.0
19NU,FIN,16/08/2016,16/08/2016,2,0,68.0,53.7
19NU,FIN,17/08/2016,22/08/2016,2,5,70.4,47.6
19NU,FIN,23/08/2016,15/09/2016,2,24,74.3,43.5
19NU,FIN,16/09/2016,10/11/2016,3,55,79.7,28.0
BA774,FIN,20/07/2016,24/07/2016,1,NA,25.4,65.0
BA774,FIN,25/07/2016,25/07/2016,2,0,26.7,58.2
BA774,FIN,25/07/2016,25/07/2016,2,0,39.3,52.5
BA774,FIN,26/07/2016,29/07/2016,2,3,38.6,52.8
BA774,FIN,29/07/2016,02/08/2016,2,3,47.8,52.9
BA774,FIN,02/08/2016,05/08/2016,2,3,48.3,50.0
BA774,FIN,06/08/2016,06/08/2016,2,0,50.2,50.9
BA774,FIN,06/08/2016,06/08/2016,2,0,55.1,52.9
BA774,FIN,06/08/2016,06/08/2016,2,0,56.9,52.9
BA774,FIN,07/08/2016,09/08/2016,2,2,61.0,50.0
BA774,FIN,10/08/2016,16/08/2016,2,6,65.2,46.5
BA774,FIN,17/08/2016,20/08/2016,2,4,67.2,41.4
BA774,FIN,21/08/2016,21/08/2016,2,0,70.6,37.9
BA774,FIN,21/08/2016,14/12/2016,3,115,74.9,27.6
T986,FIN,13/07/2015,10/08/2015,1,NA,25.4,65.0
T986,FIN,11/08/2015,11/08/2015,2,0,23.5,61.4
T986,FIN,11/08/2015,11/08/2015,2,0,28.3,57.0
T986,FIN,12/08/2015,12/08/2015,2,0,28.4,56.4
T986,FIN,12/08/2015,12/08/2015,2,0,29.0,57.1
T986,FIN,13/08/2015,13/08/2015,2,0,29.7,56.7
T986,FIN,13/08/2015,13/08/2015,2,0,31.5,55.0
T986,FIN,14/08/2015,14/08/2015,2,0,30.9,55.0
T986,FIN,14/08/2015,14/08/2015,2,0,34.5,58.0
T986,FIN,15/08/2015,15/08/2015,2,0,36.3,57.7
T986,FIN,15/08/2015,15/08/2015,2,0,41.9,52.8
T986,FIN,16/08/2015,16/08/2015,2,0,40.7,52.5
T986,FIN,16/08/2015,16/08/2015,2,0,42.8,53.2
T986,FIN,17/08/2015,17/08/2015,2,0,44.6,53.0
T986,FIN,17/08/2015,17/08/2015,2,0,45.1,49.9
T986,FIN,18/08/2015,18/08/2015,2,0,43.7,49.5
T986,FIN,18/08/2015,22/08/2015,2,4,45.9,49.8
T986,FIN,23/08/2015,23/08/2015,2,0,50.2,51.3
T986,FIN,23/08/2015,25/08/2015,2,2,53.9,51.1
T986,FIN,26/08/2015,29/08/2015,2,3,59.5,53.0
T986,FIN,29/08/2015,29/08/2015,2,0,69.3,48.7
T986,FIN,29/08/2015,29/08/2015,2,0,71.9,46.6
T986,FIN,30/08/2015,24/09/2015,2,24,72.4,39.0
T986,FIN,24/09/2015,12/04/2016,3,201,74.6,25.7
17QH,FIN,25/07/2015,29/07/2015,1,NA,25.4,60.0
17QH,FIN,30/07/2015,30/07/2015,2,0,27.0,58.4
17QH,FIN,30/07/2015,30/07/2015,2,0,41.1,54.2
17QH,FIN,31/07/2015,31/07/2015,2,0,41.3,54.5
17QH,FIN,31/07/2015,04/08/2015,2,4,41.0,53.9
17QH,FIN,05/08/2015,05/08/2015,2,0,42.3,53.7
17QH,FIN,05/08/2015,07/08/2015,2,2,50.6,51.7
17QH,FIN,07/08/2015,07/08/2015,2,0,52.5,52.1
17QH,FIN,08/08/2015,08/08/2015,2,0,56.2,50.5
17QH,FIN,09/08/2015,09/08/2015,2,0,57.0,50.1
17QH,FIN,09/08/2015,12/08/2015,2,3,62.2,48.9
17QH,FIN,13/08/2015,16/08/2015,2,4,65.1,48.0
17QH,FIN,16/08/2015,20/08/2015,2,4,75.4,49.6
17QH,FIN,20/08/2015,20/08/2015,2,0,78.0,50.7
17QH,FIN,21/08/2015,13/09/2015,2,23,77.8,43.6
17QH,FIN,14/09/2015,12/01/2016,3,120,77.4,31.6
17RD,FIN,25/07/2015,30/07/2015,1,NA,22.3,60.4
17RD,FIN,31/07/2015,31/07/2015,2,0,27.2,58.0
17RD,FIN,31/07/2015,02/08/2015,2,1,41.8,53.6
17RD,FIN,02/08/2015,02/08/2015,2,0,47.6,52.4
17RD,FIN,03/08/2015,03/08/2015,2,0,48.4,52.3
17RD,FIN,03/08/2015,03/08/2015,2,0,51.9,51.3
17RD,FIN,04/08/2015,04/08/2015,2,0,52.8,50.9
17RD,FIN,04/08/2015,06/08/2015,2,2,57.0,49.6
17RD,FIN,07/08/2015,10/08/2015,2,4,61.0,49.7
17RD,FIN,11/08/2015,11/08/2015,2,0,66.1,49.2
17RD,FIN,11/08/2015,19/08/2015,2,8,79.1,42.0
17RD,FIN,20/08/2015,20/08/2015,2,0,75.5,37.1
17RD,FIN,21/08/2015,22/08/2015,2,2,75.1,34.3
17RD,FIN,23/08/2015,23/08/2015,2,0,73.6,33.2
17RD,FIN,23/08/2015,20/09/2015,3,27,74.6,32.2
17RD,FIN,20/09/2015,20/12/2015,3,91,77.3,31.3
17RH,FIN,25/07/2015,28/07/2015,1,NA,22.3,60.4
17RH,FIN,28/07/2015,30/07/2015,2,1,42.5,53.6
17RH,FIN,30/07/2015,30/07/2015,2,0,44.8,50.0
17RH,FIN,31/07/2015,31/07/2015,2,0,43.3,49.7
17RH,FIN,31/07/2015,31/07/2015,2,0,48.3,53.3
17RH,FIN,01/08/2015,02/08/2015,2,2,49.3,54.0
17RH,FIN,03/08/2015,03/08/2015,2,0,57.1,54.9
17RH,FIN,03/08/2015,03/08/2015,2,0,58.6,54.7
17RH,FIN,04/08/2015,11/08/2015,2,7,63.1,50.2
17RH,FIN,12/08/2015,12/08/2015,2,0,68.8,47.2
17RH,FIN,12/08/2015,12/08/2015,2,0,70.5,45.9
17RH,FIN,13/08/2015,26/08/2015,2,12,74.1,39.9
17RH,FIN,26/08/2015,02/09/2015,2,7,71.4,35.6
17RH,FIN,03/09/2015,09/09/2015,2,7,74.3,31.3
17RH,FIN,10/09/2015,18/01/2016,3,130,77.0,26.9
